{"id":"lp-localplayer","ipAddress":"127.0.0.1","nickname":"buhron","entity":{"data":{"position":[198.42994499206543,71,68.83170986175537],"rotation":2.0462049670547384,"pitch":-1.3470782454261723,"health":20,"model":"player","texture":"skins:lp-localplayer","name":"Player85783","nametag":true,"hitbox":[0.55,1.9,0.55],"armor":{"items":{"0":null,"1":null,"2":null,"3":null,"4":null},"size":4,"selected":0}},"id":"player-lp-localplayer","world":"default","type":"player","chunk":[6,2]},"inventory":{"items":{"0":{"id":"stone","count":64,"data":{}},"1":{"id":"dirt","count":64,"data":{}},"2":{"id":"grass","count":64,"data":{}},"3":{"id":"grass_snow","count":64,"data":{}},"4":{"id":"cobblestone","count":64,"data":{}},"5":{"id":"log","count":64,"data":{}},"6":{"id":"sand","count":64,"data":{}},"7":{"id":"leaves","count":64,"data":{}},"8":{"id":"bookshelf","count":64,"data":{}},"9":{"id":"grass_plant","count":64,"data":{}},"10":{"id":"yellow_flower","count":64,"data":{}},"11":{"id":"deadbush","count":64,"data":{}},"12":{"id":"bricks","count":64,"data":{}},"13":{"id":"planks","count":64,"data":{}},"14":{"id":"glass","count":64,"data":{}},"15":{},"16":{"id":"snow","count":64,"data":{}},"17":{"id":"coal_ore","count":64,"data":{}},"18":{"id":"iron_ore","count":64,"data":{}},"19":{"id":"cactus","count":64,"data":{}},"20":{"id":"stonebrick","count":64,"data":{}},"21":{"id":"white_wool","count":64,"data":{}},"22":{"id":"yellow_wool","count":64,"data":{}},"23":{"id":"red_wool","count":64,"data":{}},"24":{"id":"purple_wool","count":64,"data":{}},"25":{"id":"pink_wool","count":64,"data":{}},"26":{"id":"orange_wool","count":64,"data":{}},"27":{"id":"magenta_wool","count":64,"data":{}},"28":{"id":"lime_wool","count":64,"data":{}},"29":{"id":"light_blue_wool","count":64,"data":{}},"30":{"id":"green_wool","count":64,"data":{}},"31":{"id":"gray_wool","count":64,"data":{}},"32":{"id":"cyan_wool","count":64,"data":{}},"33":{"id":"brown_wool","count":64,"data":{}},"34":{"id":"blue_wool","count":64,"data":{}},"35":{"id":"black_wool","count":64,"data":{}},"36":{"id":"white_stained_glass","count":64,"data":{}},"37":{"id":"yellow_stained_glass","count":64,"data":{}},"38":{"id":"red_stained_glass","count":64,"data":{}},"39":{"id":"purple_stained_glass","count":64,"data":{}},"40":{"id":"pink_stained_glass","count":64,"data":{}},"41":{"id":"orange_stained_glass","count":64,"data":{}},"42":{"id":"magenta_stained_glass","count":64,"data":{}},"43":{"id":"lime_stained_glass","count":64,"data":{}},"44":{"id":"light_blue_stained_glass","count":64,"data":{}},"45":{"id":"green_stained_glass","count":64,"data":{}},"46":{"id":"gray_stained_glass","count":64,"data":{}},"47":{"id":"cyan_stained_glass","count":64,"data":{}},"48":{"id":"brown_stained_glass","count":64,"data":{}},"49":{"id":"blue_stained_glass","count":64,"data":{}},"50":{"id":"black_stained_glass","count":64,"data":{}},"51":{"id":"birch_leaves","count":64,"data":{}},"52":{"id":"birch_log","count":64,"data":{}},"53":{"id":"birch_planks","count":64,"data":{}},"54":{"id":"spruce_leaves","count":64,"data":{}},"55":{"id":"spruce_log","count":64,"data":{}},"56":{"id":"spruce_planks","count":64,"data":{}},"57":{"id":"iron_block","count":64,"data":{}},"58":{"id":"gold_block","count":64,"data":{}},"59":{"id":"crafting","count":64,"data":{}},"60":{"id":"sandstone","count":64,"data":{}},"61":{"id":"diamond_ore","count":64,"data":{}},"62":{"id":"diamond_block","count":64,"data":{}},"63":{"id":"lapis_ore","count":64,"data":{}},"64":{"id":"lapis_block","count":64,"data":{}},"65":{"id":"mossy_cobblestone","count":64,"data":{}},"66":{"id":"mossy_stonebricks","count":64,"data":{}},"67":{"id":"obsidian","count":64,"data":{}},"68":{"id":"white_concrete","count":64,"data":{}},"69":{"id":"yellow_concrete","count":64,"data":{}},"70":{"id":"red_concrete","count":64,"data":{}},"71":{"id":"purple_concrete","count":64,"data":{}},"72":{"id":"pink_concrete","count":64,"data":{}},"73":{"id":"orange_concrete","count":64,"data":{}},"74":{"id":"magenta_concrete","count":64,"data":{}},"75":{"id":"lime_concrete","count":64,"data":{}},"76":{"id":"light_blue_concrete","count":64,"data":{}},"77":{"id":"green_concrete","count":64,"data":{}},"78":{"id":"gray_concrete","count":64,"data":{}},"79":{"id":"cyan_concrete","count":64,"data":{}},"80":{"id":"brown_concrete","count":64,"data":{}},"81":{"id":"blue_concrete","count":64,"data":{}},"82":{"id":"black_concrete","count":64,"data":{}},"83":{"id":"tnt","count":64,"data":{}},"84":{"id":"pumpkin","count":64,"data":{}},"85":{"id":"water_bucket","count":1,"data":{}},"86":{"id":"bucket","count":1,"data":{}},"87":{"id":"ice","count":64,"data":{}},"88":{"id":"gravel","count":64,"data":{}},"89":{"id":"grass_yellow","count":64,"data":{}},"90":{"id":"grass_plant_yellow","count":64,"data":{}},"91":{"id":"leaves_yellow","count":64,"data":{}},"92":null,"93":null,"94":null,"95":null,"96":null,"97":null,"98":null,"99":null,"100":null,"101":null,"102":null,"103":null,"104":null,"105":null,"106":null,"107":null,"108":null,"109":null,"110":null,"111":null,"112":null,"113":null,"114":null,"115":null,"116":null},"size":116,"selected":0,"tempslot":{"id":"red_flower","count":64,"data":{}}},"world":"default","permissions":{},"permissionparents":[],"movement":{"airJumps":0,"airMoveMult":0.3,"crouch":false,"crouchMoveMult":0.8,"jumpForce":6,"jumpImpulse":8.5,"jumpTime":500,"jumping":false,"maxSpeed":7.5,"moveForce":38,"responsiveness":20,"running":false,"runningFriction":0,"sprint":false,"sprintMoveMult":1.2,"standingFriction":2}}