{"air":0,"stone":1,"dirt":2,"grass":3,"grass_snow":4,"cobblestone":5,"log":6,"sand":7,"leaves":8,"water":9,"red_flower":10,"grass_plant":11,"yellow_flower":12,"bricks":13,"planks":14,"glass":15,"bookshelf":16,"barrier":17,"snow":18,"coal_ore":19,"iron_ore":20,"cactus":21,"deadbush":22,"gravel":23,"crafting":24,"stonebrick":25,"white_wool":26,"yellow_wool":27,"red_wool":28,"purple_wool":29,"pink_wool":30,"orange_wool":31,"magenta_wool":32,"lime_wool":33,"light_blue_wool":34,"green_wool":35,"gray_wool":36,"cyan_wool":37,"brown_wool":38,"blue_wool":39,"black_wool":40,"white_stained_glass":41,"yellow_stained_glass":42,"red_stained_glass":43,"purple_stained_glass":44,"pink_stained_glass":45,"orange_stained_glass":46,"magenta_stained_glass":47,"lime_stained_glass":48,"light_blue_stained_glass":49,"green_stained_glass":50,"gray_stained_glass":51,"cyan_stained_glass":52,"brown_stained_glass":53,"blue_stained_glass":54,"black_stained_glass":55,"birch_log":56,"birch_leaves":57,"birch_planks":58,"spruce_log":59,"spruce_leaves":60,"spruce_planks":61,"iron_block":62,"gold_block":63,"bedrock":64,"sandstone":65,"diamond_ore":66,"diamond_block":67,"lapis_ore":68,"lapis_block":69,"mossy_cobblestone":70,"obsidian":71,"mossy_stonebricks":72,"white_concrete":73,"yellow_concrete":74,"red_concrete":75,"purple_concrete":76,"pink_concrete":77,"orange_concrete":78,"magenta_concrete":79,"lime_concrete":80,"light_blue_concrete":81,"green_concrete":82,"gray_concrete":83,"cyan_concrete":84,"brown_concrete":85,"blue_concrete":86,"black_concrete":87,"tnt":88,"pumpkin":89,"oak_sapling":90,"ice":91,"grass_yellow":92,"grass_plant_yellow":93,"leaves_yellow":94}